agent_id,name,license,phone,email
1,David Smith,851426,+1-463-988-6634,david.smith158@yahoo.com
2,William Miller,628482,+1-999-283-3418,william.miller656@yahoo.com
3,Sarah Davis,007418,+1-191-374-2935,sarah.davis897@yahoo.com
4,Patricia Brown,995073,+1-202-161-3543,patricia.brown211@yahoo.com
5,John Davis,327462,+1-587-658-8065,john.davis370@realestate.com
6,John Martinez,861125,+1-291-720-5062,john.martinez552@yahoo.com
7,David Smith,261585,+1-396-146-3608,david.smith167@realestate.com
8,David Williams,030985,+1-403-824-3573,david.williams392@gmail.com
9,John Garcia,242502,+1-978-676-6815,john.garcia666@gmail.com
10,Lisa Davis,975392,+1-957-952-8975,lisa.davis222@yahoo.com
11,Sarah Garcia,973346,+1-679-790-9949,sarah.garcia756@gmail.com
12,Lisa Jones,811929,+1-558-382-3044,lisa.jones635@yahoo.com
13,Emily Johnson,715540,+1-161-269-9429,emily.johnson800@realestate.com
14,Jane Johnson,777218,+1-828-184-5591,jane.johnson555@yahoo.com
15,Patricia Brown,716284,+1-974-343-6175,patricia.brown221@gmail.com
16,Emily Williams,656844,+1-936-525-8999,emily.williams720@yahoo.com
17,Lisa Garcia,679894,+1-716-589-9440,lisa.garcia210@realestate.com
18,William Smith,574933,+1-921-796-4248,william.smith761@gmail.com
19,David Rodriguez,607783,+1-123-905-2990,david.rodriguez781@realestate.com
20,Michael Martinez,192781,+1-991-448-7989,michael.martinez584@gmail.com
21,Michael Williams,543531,+1-379-366-8012,michael.williams442@yahoo.com
22,David Smith,929730,+1-872-446-3908,david.smith97@gmail.com
23,Lisa Brown,174735,+1-905-535-4446,lisa.brown281@yahoo.com
24,Lisa Williams,783501,+1-867-162-8189,lisa.williams399@yahoo.com
25,William Johnson,774834,+1-231-594-5103,william.johnson145@realestate.com
26,Patricia Davis,146492,+1-846-835-3421,patricia.davis946@gmail.com
27,Sarah Williams,373297,+1-522-246-5373,sarah.williams446@yahoo.com
28,Patricia Miller,530118,+1-548-856-3511,patricia.miller651@yahoo.com
29,Emily Garcia,197841,+1-625-993-5745,emily.garcia586@gmail.com
30,Jane Miller,294290,+1-863-825-9943,jane.miller263@realestate.com
31,Patricia Rodriguez,959686,+1-179-239-8790,patricia.rodriguez414@gmail.com
32,David Brown,685846,+1-189-919-8397,david.brown25@yahoo.com
33,Lisa Williams,447704,+1-380-173-1944,lisa.williams561@gmail.com
34,Patricia Davis,718163,+1-216-365-3617,patricia.davis229@realestate.com
35,Michael Miller,984373,+1-635-360-9230,michael.miller117@realestate.com
36,David Jones,597935,+1-648-268-2900,david.jones554@gmail.com
37,Sarah Johnson,460878,+1-665-959-8251,sarah.johnson816@yahoo.com
38,John Smith,208721,+1-668-601-4666,john.smith233@yahoo.com
39,David Rodriguez,816280,+1-383-510-4112,david.rodriguez222@yahoo.com
40,Emily Smith,728475,+1-687-769-6274,emily.smith244@realestate.com
41,Robert Miller,061038,+1-149-881-8709,robert.miller962@realestate.com
42,Robert Rodriguez,120070,+1-479-548-2850,robert.rodriguez339@realestate.com
43,Jane Martinez,759682,+1-271-599-9968,jane.martinez282@yahoo.com
44,William Miller,780840,+1-270-252-5440,william.miller439@realestate.com
45,William Miller,610648,+1-720-832-9026,william.miller894@yahoo.com
46,John Miller,175008,+1-703-659-3141,john.miller795@realestate.com
47,John Johnson,273186,+1-977-107-1433,john.johnson229@realestate.com
48,John Rodriguez,869129,+1-490-683-1740,john.rodriguez47@realestate.com
49,Lisa Davis,837641,+1-619-145-9152,lisa.davis808@yahoo.com
50,Lisa Johnson,978437,+1-902-116-9751,lisa.johnson783@gmail.com
51,Sarah Garcia,762895,+1-200-630-8515,sarah.garcia838@yahoo.com
52,John Davis,680548,+1-629-264-9211,john.davis952@gmail.com
53,William Martinez,540757,+1-898-287-5602,william.martinez926@realestate.com
54,William Davis,023227,+1-326-186-5897,william.davis789@realestate.com
55,William Williams,696534,+1-819-604-8288,william.williams691@yahoo.com
56,William Smith,989956,+1-372-968-6329,william.smith583@yahoo.com
57,William Davis,417895,+1-504-667-5806,william.davis651@yahoo.com
58,Patricia Smith,101516,+1-242-410-6822,patricia.smith727@yahoo.com
59,Patricia Davis,412535,+1-252-580-6482,patricia.davis3@gmail.com
60,Sarah Brown,170080,+1-268-562-1732,sarah.brown150@realestate.com
61,David Johnson,626510,+1-684-515-2264,david.johnson617@yahoo.com
62,Sarah Brown,308541,+1-232-960-8505,sarah.brown384@yahoo.com
63,David Garcia,432796,+1-718-383-6839,david.garcia604@realestate.com
64,Sarah Smith,791828,+1-898-123-7491,sarah.smith912@yahoo.com
65,William Jones,397746,+1-753-155-8617,william.jones934@yahoo.com
66,David Martinez,591357,+1-914-196-8627,david.martinez362@gmail.com
67,David Davis,756693,+1-660-976-3533,david.davis48@realestate.com
68,John Rodriguez,452940,+1-387-532-5172,john.rodriguez51@gmail.com
69,Sarah Smith,861759,+1-145-999-1366,sarah.smith32@realestate.com
70,Robert Davis,777144,+1-398-556-3547,robert.davis703@gmail.com
71,David Brown,640151,+1-555-719-3064,david.brown720@yahoo.com
72,Lisa Johnson,541609,+1-128-960-4940,lisa.johnson91@yahoo.com
73,William Rodriguez,768800,+1-586-218-3566,william.rodriguez226@yahoo.com
74,David Miller,742908,+1-118-438-5266,david.miller599@gmail.com
75,William Rodriguez,954106,+1-411-197-2155,william.rodriguez472@yahoo.com
76,Michael Smith,477310,+1-634-464-9480,michael.smith651@yahoo.com
77,William Johnson,181382,+1-190-155-4086,william.johnson607@gmail.com
78,William Martinez,966577,+1-958-303-4740,william.martinez514@yahoo.com
79,Jane Smith,990991,+1-403-809-7843,jane.smith274@gmail.com
80,William Brown,601043,+1-623-731-1132,william.brown900@gmail.com
81,Jane Williams,390223,+1-237-480-2835,jane.williams185@realestate.com
82,John Johnson,440742,+1-898-641-4195,john.johnson317@yahoo.com
83,Michael Davis,023042,+1-346-807-7930,michael.davis588@yahoo.com
84,Lisa Jones,833247,+1-203-427-2261,lisa.jones612@realestate.com
85,Emily Williams,317291,+1-527-330-2702,emily.williams376@gmail.com
86,Lisa Martinez,378369,+1-583-883-1449,lisa.martinez912@realestate.com
87,John Jones,376548,+1-850-800-6182,john.jones708@gmail.com
88,Michael Miller,560860,+1-196-457-9306,michael.miller672@realestate.com
89,David Johnson,517073,+1-255-620-4536,david.johnson126@gmail.com
90,Patricia Martinez,552275,+1-376-235-8537,patricia.martinez452@realestate.com
91,John Miller,179488,+1-852-599-8820,john.miller44@yahoo.com
92,Patricia Johnson,108348,+1-367-312-7243,patricia.johnson948@gmail.com
93,Lisa Smith,824343,+1-242-411-4244,lisa.smith397@gmail.com
94,Patricia Williams,135009,+1-866-567-1310,patricia.williams361@gmail.com
95,William Williams,630753,+1-958-207-6275,william.williams567@gmail.com
96,Robert Davis,895170,+1-144-469-1287,robert.davis107@realestate.com
97,Lisa Smith,233985,+1-693-316-9710,lisa.smith67@gmail.com
98,Emily Martinez,688451,+1-112-582-2744,emily.martinez977@realestate.com
99,Michael Rodriguez,207781,+1-272-214-8109,michael.rodriguez830@yahoo.com
100,Robert Brown,387968,+1-233-313-9264,robert.brown839@gmail.com
101,Sarah Johnson,078575,+1-161-551-3298,sarah.johnson399@realestate.com
102,Robert Smith,937390,+1-725-311-7748,robert.smith804@yahoo.com
103,Michael Davis,470858,+1-277-533-9539,michael.davis458@yahoo.com
104,John Brown,593651,+1-789-206-3784,john.brown944@yahoo.com
105,Michael Jones,109950,+1-241-172-3575,michael.jones863@realestate.com
106,Jane Brown,754884,+1-428-640-6394,jane.brown491@gmail.com
107,Lisa Davis,944054,+1-626-163-9274,lisa.davis223@yahoo.com
108,Jane Jones,290556,+1-163-346-6773,jane.jones436@yahoo.com
109,Sarah Smith,973479,+1-978-820-7064,sarah.smith399@realestate.com
110,Emily Williams,711877,+1-906-226-8310,emily.williams800@gmail.com
111,Jane Williams,546807,+1-306-525-7891,jane.williams670@yahoo.com
112,William Rodriguez,281787,+1-732-396-1254,william.rodriguez108@yahoo.com
113,Robert Williams,804772,+1-254-392-6592,robert.williams102@gmail.com
114,Robert Jones,592122,+1-869-255-5948,robert.jones421@gmail.com
115,Michael Johnson,431351,+1-945-943-5151,michael.johnson224@yahoo.com
116,Robert Davis,472802,+1-171-357-5539,robert.davis430@yahoo.com
117,Emily Williams,297957,+1-399-405-8262,emily.williams768@gmail.com
118,Sarah Davis,817047,+1-699-878-7633,sarah.davis378@yahoo.com
119,William Smith,509657,+1-589-619-8029,william.smith516@gmail.com
120,Sarah Miller,390846,+1-362-992-8405,sarah.miller599@gmail.com
121,William Johnson,244954,+1-813-683-5325,william.johnson944@gmail.com
122,William Garcia,171070,+1-865-942-5667,william.garcia832@realestate.com
123,Patricia Smith,762169,+1-992-313-3167,patricia.smith699@gmail.com
124,Michael Martinez,584391,+1-525-987-2236,michael.martinez583@gmail.com
125,Robert Johnson,723163,+1-987-234-4386,robert.johnson181@realestate.com
126,William Smith,063000,+1-316-671-3988,william.smith717@realestate.com
127,Patricia Williams,838692,+1-918-706-1240,patricia.williams332@realestate.com
128,Emily Rodriguez,708300,+1-298-436-4160,emily.rodriguez612@yahoo.com
129,William Davis,242357,+1-672-604-1600,william.davis189@realestate.com
130,Michael Martinez,055279,+1-292-207-7789,michael.martinez516@yahoo.com
131,Robert Brown,759364,+1-918-748-9700,robert.brown692@gmail.com
132,Robert Williams,400251,+1-610-478-7319,robert.williams340@yahoo.com
133,Sarah Williams,255323,+1-248-525-9264,sarah.williams137@realestate.com
134,Michael Williams,338381,+1-474-212-7134,michael.williams217@realestate.com
135,Sarah Williams,967109,+1-885-582-8944,sarah.williams555@yahoo.com
136,Lisa Davis,538227,+1-476-380-6462,lisa.davis780@gmail.com
137,Sarah Williams,217027,+1-982-939-3722,sarah.williams749@realestate.com
138,Patricia Rodriguez,064034,+1-946-822-1219,patricia.rodriguez78@realestate.com
139,Patricia Martinez,225508,+1-239-670-6382,patricia.martinez522@realestate.com
140,Lisa Jones,411424,+1-595-738-7334,lisa.jones499@gmail.com
141,Robert Brown,316268,+1-189-390-3766,robert.brown866@gmail.com
142,John Rodriguez,579452,+1-293-490-7486,john.rodriguez392@yahoo.com
143,Patricia Rodriguez,657326,+1-551-496-1730,patricia.rodriguez275@gmail.com
144,Lisa Johnson,692215,+1-308-378-3298,lisa.johnson155@yahoo.com
145,Jane Jones,781610,+1-219-314-5719,jane.jones927@gmail.com
146,David Miller,066066,+1-840-804-9915,david.miller390@gmail.com
147,Jane Rodriguez,855574,+1-227-250-3714,jane.rodriguez18@yahoo.com
148,Jane Miller,094982,+1-300-414-9513,jane.miller649@yahoo.com
149,Robert Williams,243478,+1-459-665-5986,robert.williams516@realestate.com
150,William Miller,067363,+1-949-972-7471,william.miller509@gmail.com
151,Jane Davis,895708,+1-425-424-7059,jane.davis125@realestate.com
152,Robert Garcia,432595,+1-516-738-3669,robert.garcia576@gmail.com
153,Robert Davis,603727,+1-187-121-1549,robert.davis143@realestate.com
154,William Garcia,563952,+1-169-850-9224,william.garcia891@gmail.com
155,Jane Garcia,652991,+1-296-631-9369,jane.garcia964@yahoo.com
156,William Garcia,492594,+1-965-176-7790,william.garcia77@realestate.com
157,Emily Rodriguez,823997,+1-692-402-3983,emily.rodriguez432@gmail.com
158,Lisa Rodriguez,668704,+1-166-810-7587,lisa.rodriguez372@gmail.com
159,Robert Jones,044982,+1-664-954-3753,robert.jones636@yahoo.com
160,John Brown,485172,+1-986-844-9622,john.brown476@yahoo.com
161,John Miller,943796,+1-662-286-7375,john.miller694@gmail.com
162,Jane Miller,815443,+1-315-714-6691,jane.miller857@gmail.com
163,David Williams,477318,+1-267-575-4600,david.williams123@realestate.com
164,Michael Johnson,028286,+1-228-937-2615,michael.johnson214@yahoo.com
165,Robert Rodriguez,243533,+1-203-602-8975,robert.rodriguez497@gmail.com
166,Lisa Martinez,873178,+1-962-511-8556,lisa.martinez316@yahoo.com
167,Patricia Brown,790377,+1-584-122-9547,patricia.brown623@yahoo.com
168,David Garcia,231370,+1-427-141-5290,david.garcia979@yahoo.com
169,Robert Williams,749550,+1-289-616-7353,robert.williams650@realestate.com
170,John Johnson,479449,+1-363-817-3150,john.johnson969@yahoo.com
171,Robert Miller,669446,+1-197-661-4066,robert.miller19@yahoo.com
172,Sarah Smith,083876,+1-185-275-7103,sarah.smith138@realestate.com
173,Jane Rodriguez,217248,+1-664-842-6597,jane.rodriguez980@realestate.com
174,Lisa Rodriguez,290767,+1-699-886-8838,lisa.rodriguez250@yahoo.com
175,Robert Brown,174291,+1-111-501-2647,robert.brown467@yahoo.com
176,John Miller,865543,+1-635-599-1120,john.miller398@gmail.com
177,Emily Johnson,899699,+1-898-509-7319,emily.johnson987@gmail.com
178,David Smith,519359,+1-134-267-6574,david.smith955@gmail.com
179,Patricia Martinez,783805,+1-677-871-1775,patricia.martinez349@gmail.com
180,Sarah Davis,541080,+1-635-513-9926,sarah.davis260@yahoo.com
181,David Garcia,261249,+1-776-640-4359,david.garcia819@gmail.com
182,Michael Miller,421146,+1-376-270-2678,michael.miller740@gmail.com
183,Jane Rodriguez,589983,+1-475-136-8612,jane.rodriguez700@yahoo.com
184,Robert Davis,738634,+1-242-236-6520,robert.davis263@realestate.com
185,William Martinez,725247,+1-442-663-2183,william.martinez727@gmail.com
186,Michael Johnson,895403,+1-492-197-1483,michael.johnson267@gmail.com
187,Lisa Rodriguez,363833,+1-691-865-6297,lisa.rodriguez491@realestate.com
188,Emily Davis,413589,+1-965-540-9802,emily.davis896@gmail.com
189,Sarah Smith,905424,+1-251-819-3717,sarah.smith345@gmail.com
190,Sarah Rodriguez,308893,+1-943-898-9015,sarah.rodriguez158@realestate.com
191,William Johnson,276333,+1-962-620-5920,william.johnson259@realestate.com
192,Patricia Garcia,268583,+1-615-128-8554,patricia.garcia421@realestate.com
193,John Martinez,586308,+1-153-402-9388,john.martinez495@yahoo.com
194,Lisa Martinez,635089,+1-967-934-4736,lisa.martinez10@realestate.com
195,Michael Smith,336590,+1-347-884-4039,michael.smith901@realestate.com
196,Patricia Rodriguez,147213,+1-651-608-6879,patricia.rodriguez911@gmail.com
197,Sarah Jones,639871,+1-862-138-7075,sarah.jones596@yahoo.com
198,John Miller,968453,+1-178-320-4425,john.miller401@realestate.com
199,Robert Williams,880073,+1-380-309-3263,robert.williams222@gmail.com
200,Michael Miller,216409,+1-301-543-1757,michael.miller440@gmail.com
